[
  {
    "value": "1per",
    "synonyms": [
      "1per",
      "single person",
      "1person",
      "single",
      "single seat",
      "1"
    ]
  },
  {
    "value": "2per",
    "synonyms": [
      "2per",
      "2 person",
      "two person",
      "two people",
      "two seat",
      "double seat",
      "2"
    ]
  },
  {
    "value": "3per",
    "synonyms": [
      "3per",
      "3 person",
      "three person",
      "three people",
      "three seats",
      "three seater",
      "3"
    ]
  },
  {
    "value": "Full car",
    "synonyms": [
      "Full car",
      "all seats",
      "4 people",
      "whole car",
      "entire car"
    ]
  }
]