[
  {
    "value": "Leamington",
    "synonyms": [
      "lemingtown",
      "leamington",
      "leamingtown",
      "leamintown"
    ]
  },
  {
    "value": "Tecumseh",
    "synonyms": [
      "Tecumsch",
      "tecumshe",
      "tecumseh",
      "techumshe",
      "Tecumseh"
    ]
  },
  {
    "value": "East town",
    "synonyms": [
      "East town"
    ]
  },
  {
    "value": "Local",
    "synonyms": [
      "Local",
      "windsor",
      "riverside",
      "walmart",
      "devonshire",
      "dougall",
      "south",
      "st clair main campus",
      "St clair downtown",
      "essex"
    ]
  },
  {
    "value": "chatham",
    "synonyms": [
      "chatham",
      "chathum"
    ]
  }
]