[
  {
    "id": "1fb4600e-cbf2-45bf-81cb-8cb70af24521",
    "data": [
      {
        "text": "1",
        "meta": "@CarType",
        "alias": "cartype",
        "userDefined": false
      },
      {
        "text": " seat",
        "userDefined": false
      }
    ],
    "isTemplate": false,
    "count": 0,
    "lang": "en",
    "updated": 0
  },
  {
    "id": "16f0598c-a6fb-43c6-a9c2-6cb0b3da1ca5",
    "data": [
      {
        "text": "1 person",
        "meta": "@CarType",
        "alias": "cartype",
        "userDefined": false
      }
    ],
    "isTemplate": false,
    "count": 0,
    "lang": "en",
    "updated": 0
  },
  {
    "id": "c12febdb-d9b3-47a4-a289-75184912080f",
    "data": [
      {
        "text": "1",
        "meta": "@CarType",
        "alias": "cartype",
        "userDefined": false
      }
    ],
    "isTemplate": false,
    "count": 0,
    "lang": "en",
    "updated": 0
  },
  {
    "id": "20b831d1-08fa-4513-8f54-a6d78fd31646",
    "data": [
      {
        "text": "i want  ",
        "userDefined": false
      },
      {
        "text": "single",
        "meta": "@CarType",
        "alias": "cartype",
        "userDefined": false
      },
      {
        "text": " seater",
        "userDefined": false
      }
    ],
    "isTemplate": false,
    "count": 0,
    "lang": "en",
    "updated": 0
  }
]