[
  {
    "id": "d42232e3-63e3-4765-9367-a4b893c0cdba",
    "data": [
      {
        "text": "today at 8 am",
        "meta": "@sys.date-time",
        "alias": "date-time",
        "userDefined": false
      },
      {
        "text": " to ",
        "userDefined": false
      },
      {
        "text": "dougall",
        "meta": "@Location",
        "alias": "Location",
        "userDefined": false
      }
    ],
    "isTemplate": false,
    "count": 0,
    "lang": "en",
    "updated": 0
  },
  {
    "id": "b8c22746-24c2-4ea0-ac73-7a1b8bb6a11e",
    "data": [
      {
        "text": "i would like a ride to ",
        "userDefined": false
      },
      {
        "text": "chatham",
        "meta": "@Location",
        "alias": "Location",
        "userDefined": false
      },
      {
        "text": " ",
        "userDefined": false
      },
      {
        "text": "today at 7pm",
        "meta": "@sys.date-time",
        "alias": "date-time",
        "userDefined": false
      }
    ],
    "isTemplate": false,
    "count": 0,
    "lang": "en",
    "updated": 0
  },
  {
    "id": "56df3950-4d38-4743-83f7-9d80d16ea721",
    "data": [
      {
        "text": "i want to book a  ride ",
        "userDefined": false
      },
      {
        "text": "tomorrow at 5",
        "meta": "@sys.date-time",
        "alias": "date-time",
        "userDefined": false
      }
    ],
    "isTemplate": false,
    "count": 0,
    "lang": "en",
    "updated": 0
  },
  {
    "id": "c7a311da-2395-4198-aa92-972037289881",
    "data": [
      {
        "text": "i want to book a ride share ",
        "userDefined": false
      },
      {
        "text": "tomorrow",
        "meta": "@sys.date-time",
        "alias": "date-time",
        "userDefined": false
      }
    ],
    "isTemplate": false,
    "count": 0,
    "lang": "en",
    "updated": 0
  },
  {
    "id": "c6efacb3-1762-40be-b44a-17abc91c4439",
    "data": [
      {
        "text": "i want to book a ride share ",
        "userDefined": false
      },
      {
        "text": "at 4pm",
        "meta": "@sys.date-time",
        "alias": "date-time",
        "userDefined": false
      }
    ],
    "isTemplate": false,
    "count": 0,
    "lang": "en",
    "updated": 0
  },
  {
    "id": "c0bc8d88-1b19-4c14-958a-fc93e78435a2",
    "data": [
      {
        "text": "i want to share my ride with others",
        "userDefined": false
      }
    ],
    "isTemplate": false,
    "count": 0,
    "lang": "en",
    "updated": 0
  },
  {
    "id": "4035a401-451b-4f26-afef-c4cb39a6a8a1",
    "data": [
      {
        "text": "i want to take a ride share",
        "userDefined": false
      }
    ],
    "isTemplate": false,
    "count": 0,
    "lang": "en",
    "updated": 0
  },
  {
    "id": "de74e3b1-c9c6-4ee8-9f31-55b0692d3b92",
    "data": [
      {
        "text": "sharing cab",
        "userDefined": false
      }
    ],
    "isTemplate": false,
    "count": 0,
    "lang": "en",
    "updated": 0
  },
  {
    "id": "35cb1034-3f11-40cb-8d91-4b1d3dbecc11",
    "data": [
      {
        "text": "i would like to get a ride share",
        "userDefined": false
      }
    ],
    "isTemplate": false,
    "count": 0,
    "lang": "en",
    "updated": 0
  },
  {
    "id": "27c0133a-badc-43df-aec2-2364d4029053",
    "data": [
      {
        "text": "shared cab",
        "userDefined": false
      }
    ],
    "isTemplate": false,
    "count": 0,
    "lang": "en",
    "updated": 0
  },
  {
    "id": "61dc7f75-45e8-418c-b5d9-42aa8a06f277",
    "data": [
      {
        "text": "ride share",
        "userDefined": false
      }
    ],
    "isTemplate": false,
    "count": 0,
    "lang": "en",
    "updated": 0
  }
]