[
  {
    "id": "59f8204e-075f-487f-92ef-0eac4097ac00",
    "data": [
      {
        "text": "444-898-9999",
        "meta": "@sys.phone-number",
        "alias": "Number",
        "userDefined": false
      }
    ],
    "isTemplate": false,
    "count": 0,
    "lang": "en",
    "updated": 0
  },
  {
    "id": "767dcfae-5f82-4bcc-8302-8dbb4bcac90c",
    "data": [
      {
        "text": "Julia Roberts",
        "meta": "@sys.given-name",
        "alias": "Name",
        "userDefined": true
      }
    ],
    "isTemplate": false,
    "count": 0,
    "lang": "en",
    "updated": 0
  },
  {
    "id": "dc44c3ae-ce03-47ff-b901-69d80aba739d",
    "data": [
      {
        "text": "Suhail ahmed",
        "meta": "@sys.given-name",
        "alias": "Name",
        "userDefined": true
      }
    ],
    "isTemplate": false,
    "count": 0,
    "lang": "en",
    "updated": 0
  },
  {
    "id": "b4d27a79-2f2f-4613-b104-f4da0bb1ae98",
    "data": [
      {
        "text": "Enrique",
        "meta": "@sys.given-name",
        "alias": "Name",
        "userDefined": false
      }
    ],
    "isTemplate": false,
    "count": 0,
    "lang": "en",
    "updated": 0
  },
  {
    "id": "3d2bfa38-8f41-4669-8a9f-7dd64e75ea85",
    "data": [
      {
        "text": "Suhail",
        "meta": "@sys.given-name",
        "alias": "Name",
        "userDefined": true
      },
      {
        "text": " ",
        "userDefined": false
      },
      {
        "text": "555-555-5555",
        "meta": "@sys.phone-number",
        "alias": "Number",
        "userDefined": false
      }
    ],
    "isTemplate": false,
    "count": 0,
    "lang": "en",
    "updated": 0
  }
]