[
  {
    "id": "3adb2e19-8a45-4da9-9113-acafb753a1ba",
    "data": [
      {
        "text": "Yes",
        "userDefined": false
      }
    ],
    "isTemplate": false,
    "count": 0,
    "lang": "en",
    "updated": 0
  },
  {
    "id": "07756725-8b35-469d-95d5-26c1539d016b",
    "data": [
      {
        "text": "can i have an ",
        "userDefined": false
      },
      {
        "text": "iced tea",
        "meta": "@Drinks",
        "alias": "Drinks",
        "userDefined": true
      }
    ],
    "isTemplate": false,
    "count": 0,
    "lang": "en",
    "updated": 0
  },
  {
    "id": "d37800b6-9cb5-403f-b5cc-b63c95c69454",
    "data": [
      {
        "text": "I want a ",
        "userDefined": false
      },
      {
        "text": "cola",
        "meta": "@Drinks",
        "alias": "Drinks",
        "userDefined": true
      }
    ],
    "isTemplate": false,
    "count": 0,
    "lang": "en",
    "updated": 0
  },
  {
    "id": "334886a3-3f8d-4ee8-95cd-96a1d3018d6e",
    "data": [
      {
        "text": "I want a ",
        "userDefined": false
      },
      {
        "text": "thin crust",
        "meta": "@PizzaCrust",
        "alias": "PizzaCrust",
        "userDefined": true
      },
      {
        "text": " pizza",
        "userDefined": false
      }
    ],
    "isTemplate": false,
    "count": 0,
    "lang": "en",
    "updated": 0
  },
  {
    "id": "db924ffe-d028-4598-9897-36c8b8da59b1",
    "data": [
      {
        "text": "I want to order a ",
        "userDefined": false
      },
      {
        "text": "large",
        "meta": "@PizzaSize",
        "alias": "PizzaSize",
        "userDefined": true
      },
      {
        "text": " pizza",
        "userDefined": false
      }
    ],
    "isTemplate": false,
    "count": 0,
    "lang": "en",
    "updated": 0
  },
  {
    "id": "a2aa7968-6190-40b4-a073-ac83216a7753",
    "data": [
      {
        "text": "I want a ",
        "userDefined": false
      },
      {
        "text": "chicken",
        "meta": "@PizzaIngredients",
        "alias": "PizzaIngredients",
        "userDefined": true
      },
      {
        "text": " pizza",
        "userDefined": false
      }
    ],
    "isTemplate": false,
    "count": 0,
    "lang": "en",
    "updated": 0
  },
  {
    "id": "3203b162-a10d-456e-9589-37a3705056fa",
    "data": [
      {
        "text": "I\u0027d like to order a pizza for pickup in ",
        "userDefined": false
      },
      {
        "text": "1 hour",
        "meta": "@sys.date-time",
        "alias": "date-time",
        "userDefined": true
      }
    ],
    "isTemplate": false,
    "count": 0,
    "lang": "en",
    "updated": 0
  },
  {
    "id": "513081d3-3fe6-40ef-8386-c49e0017c8fa",
    "data": [
      {
        "text": "I want a pizza with ",
        "userDefined": false
      },
      {
        "text": "pepper",
        "meta": "@PizzaIngredients",
        "alias": "PizzaIngredients",
        "userDefined": true
      },
      {
        "text": " and ",
        "userDefined": false
      },
      {
        "text": "mushroom",
        "meta": "@PizzaIngredients",
        "alias": "PizzaIngredients",
        "userDefined": true
      }
    ],
    "isTemplate": false,
    "count": 0,
    "lang": "en",
    "updated": 0
  },
  {
    "id": "8f3fa756-ec9c-4f0b-8dc5-fae6d4ff035d",
    "data": [
      {
        "text": "I\u0027d like a ",
        "userDefined": false
      },
      {
        "text": "small",
        "meta": "@PizzaSize",
        "alias": "PizzaSize",
        "userDefined": true
      },
      {
        "text": " pizza with ",
        "userDefined": false
      },
      {
        "text": "mushrooms",
        "meta": "@PizzaIngredients",
        "alias": "PizzaIngredients",
        "userDefined": true
      }
    ],
    "isTemplate": false,
    "count": 0,
    "lang": "en",
    "updated": 0
  },
  {
    "id": "b28f994a-fc66-497f-a987-4bb7698ca9d5",
    "data": [
      {
        "text": "I want to order a ",
        "userDefined": false
      },
      {
        "text": "small",
        "meta": "@PizzaSize",
        "alias": "PizzaSize",
        "userDefined": true
      },
      {
        "text": " pizza with ",
        "userDefined": false
      },
      {
        "text": "chicken",
        "meta": "@PizzaIngredients",
        "alias": "PizzaIngredients",
        "userDefined": true
      },
      {
        "text": " only",
        "userDefined": false
      }
    ],
    "isTemplate": false,
    "count": 0,
    "lang": "en",
    "updated": 0
  },
  {
    "id": "70c5a3e4-8abb-4898-b95d-e7cd57f7f34d",
    "data": [
      {
        "text": "I want to order a ",
        "userDefined": false
      },
      {
        "text": "cheese",
        "userDefined": true
      },
      {
        "text": " pizza for ",
        "userDefined": false
      },
      {
        "text": "1 PM tomorrow",
        "meta": "@sys.date-time",
        "alias": "date-time",
        "userDefined": true
      }
    ],
    "isTemplate": false,
    "count": 0,
    "lang": "en",
    "updated": 0
  },
  {
    "id": "0863c31c-8d08-49bd-9fb3-57ece6a33b86",
    "data": [
      {
        "text": "can I order a ",
        "userDefined": false
      },
      {
        "text": "cheese",
        "userDefined": true
      },
      {
        "text": " pizza for pickup ",
        "userDefined": false
      },
      {
        "text": "today",
        "meta": "@sys.date-time",
        "alias": "date-time",
        "userDefined": true
      },
      {
        "text": " at ",
        "userDefined": false
      },
      {
        "text": "noon",
        "userDefined": true
      },
      {
        "text": " ?",
        "userDefined": false
      }
    ],
    "isTemplate": false,
    "count": 0,
    "lang": "en",
    "updated": 0
  }
]